dummy	year.x	author.x	title.x	filename.x	author.seen.x	year.y	author.y	title.y	filename.y	author.seen.y	same.author	train.or.test	case.id	answer
1	1913	es	tm	1913-es-tm	TRUE	1876	mt	ototm	1876-mt-ototm	TRUE	FALSE	train	1913-es-tm 1876-mt-ototm	0
1	1889	es	tptk	1889-es-tptk	TRUE	1919	es	tpc	1919-es-tpc	TRUE	TRUE	train	1889-es-tptk 1919-es-tpc	1
1	1886	wdh	tmc	1886-wdh-tmc	FALSE	1915	wdh	tdots	1915-wdh-tdots	FALSE	TRUE	train	1886-wdh-tmc 1915-wdh-tdots	1
1	1852	tsa	trowww	1852-tsa-trowww	FALSE	1855	tsa	tgtc	1855-tsa-tgtc	FALSE	TRUE	train	1852-tsa-trowww 1855-tsa-tgtc	1
1	1905	amd	hgaah	1905-amd-hgaah	FALSE	1900	amd	algiow	1900-amd-algiow	FALSE	TRUE	train	1905-amd-hgaah 1900-amd-algiow	1
1	1911	hm	tcfb	1911-hm-tcfb	FALSE	1913	hm	pc	1913-hm-pc	FALSE	TRUE	train	1911-hm-tcfb 1913-hm-pc	1
1	1891	amd	thobh	1891-amd-thobh	FALSE	1908	ga	tgi	1908-ga-tgi	FALSE	FALSE	train	1891-amd-thobh 1908-ga-tgi	0
1	1867	wta	saf	1867-wta-saf	TRUE	1896	wta	fye	1896-wta-fye	TRUE	TRUE	train	1867-wta-saf 1896-wta-fye	1
1	1889	amd	amaae	1889-amd-amaae	FALSE	1889	tsa	hbe	1889-tsa-hbe	FALSE	FALSE	train	1889-amd-amaae 1889-tsa-hbe	0
1	1879	wdh	tlofa	1879-wdh-tlofa	FALSE	1889	wdh	ahonf-v2	1889-wdh-ahonf-v2	FALSE	TRUE	train	1879-wdh-tlofa 1889-wdh-ahonf-v2	1
1	1866	sw	twwfe	1866-sw-twwfe	FALSE	1897	wdh	soo	1897-wdh-soo	FALSE	FALSE	train	1866-sw-twwfe 1897-wdh-soo	0
1	1876	lma	rib	1876-lma-rib	TRUE	1871	sw	o	1871-sw-o	FALSE	FALSE	train	1876-lma-rib 1871-sw-o	0
1	1852	sw	q-v2	1852-sw-q-v2	FALSE	1854	lma	ff	1854-lma-ff	TRUE	FALSE	train	1852-sw-q-v2 1854-lma-ff	0
1	1894	es	e	1894-es-e	TRUE	1851	tsa	tlasorl	1851-tsa-tlasorl	FALSE	FALSE	train	1894-es-e 1851-tsa-tlasorl	0
1	1899	amd	thos	1899-amd-thos	FALSE	1902	amd	algiod	1902-amd-algiod	FALSE	TRUE	train	1899-amd-thos 1902-amd-algiod	1
1	1868	wta	fof	1868-wta-fof	TRUE	1901	wdh	apopl	1901-wdh-apopl	FALSE	FALSE	train	1868-wta-fof 1901-wdh-apopl	0
1	1916	rwc	tds	1916-rwc-tds	TRUE	1881	wdh	dbp	1881-wdh-dbp	FALSE	FALSE	train	1916-rwc-tds 1881-wdh-dbp	0
1	1851	tsa	lilfawwrt	1851-tsa-lilfawwrt	FALSE	1890	wta	otb	1890-wta-otb	TRUE	FALSE	train	1851-tsa-lilfawwrt 1890-wta-otb	0
1	1870	amd	wfah	1870-amd-wfah	FALSE	1906	amd	ael	1906-amd-ael	FALSE	TRUE	train	1870-amd-wfah 1906-amd-ael	1
1	1883	amd	wkm	1883-amd-wkm	FALSE	1866	wta	haw	1866-wta-haw	TRUE	FALSE	train	1883-amd-wkm 1866-wta-haw	0
1	1897	mt	fte	1897-mt-fte	TRUE	1876	mt	taots.POS	1876-mt-taots.POS	TRUE	TRUE	train	1897-mt-fte 1876-mt-taots.POS	1
1	1894	amd	iwrt	1894-amd-iwrt	FALSE	1875	amd	da	1875-amd-da	FALSE	TRUE	train	1894-amd-iwrt 1875-amd-da	1
1	1894	mt	tet	1894-mt-tet	TRUE	1871	wdh	twj	1871-wdh-twj	FALSE	FALSE	train	1894-mt-tet 1871-wdh-twj	0
1	1903	wdh	qs	1903-wdh-qs	FALSE	1889	wdh	ahonf-v1	1889-wdh-ahonf-v1	FALSE	TRUE	train	1903-wdh-qs 1889-wdh-ahonf-v1	1
1	1899	wdh	arl	1899-wdh-arl	FALSE	1898	wdh	aoec	1898-wdh-aoec	FALSE	TRUE	train	1899-wdh-arl 1898-wdh-aoec	1
1	1884	sw	arw	1884-sw-arw	FALSE	1860	tsa	tah	1860-tsa-tah	FALSE	FALSE	train	1884-sw-arw 1860-tsa-tah	0
1	1901	amd	algino	1901-amd-algino	FALSE	1892	es	ip	1892-es-ip	TRUE	FALSE	train	1901-amd-algino 1892-es-ip	0
1	1853	tsa	fpotwol	1853-tsa-fpotwol	FALSE	1851	tsa	ttw	1851-tsa-ttw	FALSE	TRUE	train	1853-tsa-fpotwol 1851-tsa-ttw	1
1	1909	amd	hgt	1909-amd-hgt	FALSE	1866	amd	it	1866-amd-it	FALSE	TRUE	train	1909-amd-hgt 1866-amd-it	1
1	1875	mh	blat-nf	1875-mh-blat-nf	FALSE	1878	mh	dyb-nf	1878-mh-dyb-nf	FALSE	TRUE	train	1875-mh-blat-nf 1878-mh-dyb-nf	1
1	1899	mh	wgwn	1899-mh-wgwn	FALSE	1894	mh	mwws	1894-mh-mwws	FALSE	TRUE	train	1899-mh-wgwn 1894-mh-mwws	1
1	1880	sw	teoac	1880-sw-teoac	FALSE	1881	sw	aloc	1881-sw-aloc	FALSE	TRUE	train	1880-sw-teoac 1881-sw-aloc	1
1	1883	amd	fgh	1883-amd-fgh	FALSE	1876	amd	nkk	1876-amd-nkk	FALSE	TRUE	train	1883-amd-fgh 1876-amd-nkk	1
1	1898	ga	tvr	1898-ga-tvr	FALSE	1918	ew	tm-sh	1918-ew-tm-sh	TRUE	FALSE	train	1898-ga-tvr 1918-ew-tm-sh	0
1	1850	sw	www-v2	1850-sw-www-v2	FALSE	1864	sw	toh	1864-sw-toh	FALSE	TRUE	train	1850-sw-www-v2 1864-sw-toh	1
1	1871	wta	utb	1871-wta-utb	TRUE	1868	wta	osb	1868-wta-osb	TRUE	TRUE	train	1871-wta-utb 1868-wta-osb	1
1	1856	tsa	twg	1856-tsa-twg	FALSE	1859	tsa	lg	1859-tsa-lg	FALSE	TRUE	train	1856-tsa-twg 1859-tsa-lg	1
1	1902	rwc	tmaa	1902-rwc-tmaa	TRUE	1853	tsa	tirotith	1853-tsa-tirotith	FALSE	FALSE	train	1902-rwc-tmaa 1853-tsa-tirotith	0
1	1906	ga	r	1906-ga-r	FALSE	1906	amd	algioq	1906-amd-algioq	FALSE	FALSE	train	1906-ga-r 1906-amd-algioq	0
1	1914	amd	tgamm	1914-amd-tgamm	FALSE	1856	wta	non	1856-wta-non	TRUE	FALSE	train	1914-amd-tgamm 1856-wta-non	0
1	1852	sw	q	1852-sw-q	FALSE	1885	wdh	is	1885-wdh-is	FALSE	FALSE	train	1852-sw-q 1885-wdh-is	0
1	1913	amd	trhcag	1913-amd-trhcag	FALSE	1870	amd	kar	1870-amd-kar	FALSE	TRUE	train	1913-amd-trhcag 1870-amd-kar	1
1	1876	sw	tgoc-c	1876-sw-tgoc-c	FALSE	1897	cdw	tpfwsw	1897-cdw-tpfwsw	TRUE	FALSE	train	1876-sw-tgoc-c 1897-cdw-tpfwsw	0
1	1902	mt	adbds	1902-mt-adbds	TRUE	1894	wdh	atfa	1894-wdh-atfa	FALSE	FALSE	train	1902-mt-adbds 1894-wdh-atfa	0
1	1867	amd	sd	1867-amd-sd	FALSE	1870	amd	ktw	1870-amd-ktw	FALSE	TRUE	train	1867-amd-sd 1870-amd-ktw	1
1	1884	amd	ootw	1884-amd-ootw	FALSE	1895	cfw	daois	1895-cfw-daois	TRUE	FALSE	train	1884-amd-ootw 1895-cfw-daois	0
1	1910	rwc	ap	1910-rwc-ap	TRUE	1895	rwc	tkiy	1895-rwc-tkiy	TRUE	TRUE	train	1910-rwc-ap 1895-rwc-tkiy	1
1	1867	wdh	ij	1867-wdh-ij	FALSE	1902	wdh	tfotpb	1902-wdh-tfotpb	FALSE	TRUE	train	1867-wdh-ij 1902-wdh-tfotpb	1
1	1864	sw	toh-v2	1864-sw-toh-v2	FALSE	1885	wta	sts	1885-wta-sts	TRUE	FALSE	train	1864-sw-toh-v2 1885-wta-sts	0
1	1905	hm	tpe	1905-hm-tpe	FALSE	1897	amd	algola	1897-amd-algola	FALSE	FALSE	train	1905-hm-tpe 1897-amd-algola	0
1	1881	wdh	ami	1881-wdh-ami	FALSE	1896	wdh	tlatlh	1896-wdh-tlatlh	FALSE	TRUE	train	1881-wdh-ami 1896-wdh-tlatlh	1
1	1879	sw	md	1879-sw-md	FALSE	1877	sw	d	1877-sw-d	FALSE	TRUE	train	1879-sw-md 1877-sw-d	1
1	1919	ga	ta	1919-ga-ta	FALSE	1905	ga	tbitf	1905-ga-tbitf	FALSE	TRUE	train	1919-ga-ta 1905-ga-tbitf	1
1	1908	amd	algios	1908-amd-algios	FALSE	1915	rwc	tgp	1915-rwc-tgp	TRUE	FALSE	train	1908-amd-algios 1915-rwc-tgp	0
1	1876	sw	wh-c	1876-sw-wh-c	FALSE	1870	wta	pap	1870-wta-pap	TRUE	FALSE	train	1876-sw-wh-c 1870-wta-pap	0
1	1871	wdh	ss	1871-wdh-ss	FALSE	1907	wdh	btdatd	1907-wdh-btdatd	FALSE	TRUE	train	1871-wdh-ss 1907-wdh-btdatd	1
1	1863	mh	h-ia	1863-mh-h-ia	FALSE	1919	rwc	tct	1919-rwc-tct	TRUE	FALSE	train	1863-mh-h-ia 1919-rwc-tct	0
1	1895	wdh	mlp	1895-wdh-mlp	FALSE	1873	cfw	tosh	1873-cfw-tosh	TRUE	FALSE	train	1895-wdh-mlp 1873-cfw-tosh	0
1	1917	ew	s	1917-ew-s	TRUE	1916	ew	x-sh	1916-ew-x-sh	TRUE	TRUE	train	1917-ew-s 1916-ew-x-sh	1
1	1874	amd	sd	1874-amd-sd	FALSE	1912	amd	tcitlorh	1912-amd-tcitlorh	FALSE	TRUE	train	1874-amd-sd 1912-amd-tcitlorh	1
1	1864	wta	waw	1864-wta-waw	TRUE	1907	ga	a	1907-ga-a	FALSE	FALSE	train	1864-wta-waw 1907-ga-a	0
1	1868	sw	ditf	1868-sw-ditf	FALSE	1884	es	b	1884-es-b	TRUE	FALSE	train	1868-sw-ditf 1884-es-b	0
1	1907	amd	hgs	1907-amd-hgs	FALSE	1897	amd	ha	1897-amd-ha	FALSE	TRUE	train	1907-amd-hgs 1897-amd-ha	1
1	1896	wta	tbc-r	1896-wta-tbc-r	TRUE	1893	lma	ct	1893-lma-ct	TRUE	FALSE	train	1896-wta-tbc-r 1893-lma-ct	0
1	1856	tsa	woc	1856-tsa-woc	FALSE	1901	rwc	c	1901-rwc-c	TRUE	FALSE	train	1856-tsa-woc 1901-rwc-c	0
1	1867	wdh	vl	1867-wdh-vl	FALSE	1892	wdh	tqom	1892-wdh-tqom	FALSE	TRUE	train	1867-wdh-vl 1892-wdh-tqom	1
1	1887	wdh	ah	1887-wdh-ah	FALSE	1907	wdh	tteotn	1907-wdh-tteotn	FALSE	TRUE	train	1887-wdh-ah 1907-wdh-tteotn	1
1	1866	wta	hah	1866-wta-hah	TRUE	1879	lma	ajsb	1879-lma-ajsb	TRUE	FALSE	train	1866-wta-hah 1879-lma-ajsb	0
1	1896	rwc	tmoc	1896-rwc-tmoc	TRUE	1904	rwc	sm	1904-rwc-sm	TRUE	TRUE	train	1896-rwc-tmoc 1904-rwc-sm	1
1	1900	ga	sn	1900-ga-sn	FALSE	1917	ga	tlp	1917-ga-tlp	FALSE	TRUE	train	1900-ga-sn 1917-ga-tlp	1
1	1870	sw	wsc	1870-sw-wsc	FALSE	1876	mt	taots	1876-mt-taots	TRUE	FALSE	train	1870-sw-wsc 1876-mt-taots	0
1	1915	rwc	wgt	1915-rwc-wgt	TRUE	1923	ga	bo	1923-ga-bo	FALSE	FALSE	train	1915-rwc-wgt 1923-ga-bo	0
1	1908	wdh	rhao	1908-wdh-rhao	FALSE	1920	rwc	tlrf	1920-rwc-tlrf	TRUE	FALSE	train	1908-wdh-rhao 1920-rwc-tlrf	0
1	1894	cdw	tgh	1894-cdw-tgh	TRUE	1880	cdw	mwotn	1880-cdw-mwotn	TRUE	TRUE	train	1894-cdw-tgh 1880-cdw-mwotn	1
1	1873	tsa	ca	1873-tsa-ca	FALSE	1914	rwc	a	1914-rwc-a	TRUE	FALSE	train	1873-tsa-ca 1914-rwc-a	0
1	1905	amd	algiosf	1905-amd-algiosf	FALSE	1871	amd	hd	1871-amd-hd	FALSE	TRUE	train	1905-amd-algiosf 1871-amd-hd	1
1	1852	tsa	hhalp	1852-tsa-hhalp	FALSE	1893	amd	itkc	1893-amd-itkc	FALSE	FALSE	train	1852-tsa-hhalp 1893-amd-itkc	0
1	1912	rwc	tbol	1912-rwc-tbol	TRUE	1872	tsa	tyiamt	1872-tsa-tyiamt	FALSE	FALSE	train	1912-rwc-tbol 1872-tsa-tyiamt	0
1	1880	wta	ds	1880-wta-ds	TRUE	1850	sw	www	1850-sw-www	FALSE	FALSE	train	1880-wta-ds 1850-sw-www	0
1	1873	wdh	aca	1873-wdh-aca	FALSE	1877	sw	pn-?	1877-sw-pn-?	FALSE	FALSE	train	1873-wdh-aca 1877-sw-pn-?	0
1	1871	wta	nl	1871-wta-nl	TRUE	1881	wta	utr	1881-wta-utr	TRUE	TRUE	train	1871-wta-nl 1881-wta-utr	1
1	1879	amd	hm	1879-amd-hm	FALSE	1897	amd	hpitw	1897-amd-hpitw	FALSE	TRUE	train	1879-amd-hm 1897-amd-hpitw	1
1	1908	wdh	far	1908-wdh-far	FALSE	1877	sw	pn	1877-sw-pn	FALSE	FALSE	train	1908-wdh-far 1877-sw-pn	0
1	1892	wta	fftr	1892-wta-fftr	TRUE	1867	wta	ba	1867-wta-ba	TRUE	TRUE	train	1892-wta-fftr 1867-wta-ba	1
1	1891	cdw	oi	1891-cdw-oi	TRUE	1861	sw	tcobh	1861-sw-tcobh	FALSE	FALSE	train	1891-cdw-oi 1861-sw-tcobh	0
1	1893	ga	td	1893-ga-td	FALSE	1909	es	dotr	1909-es-dotr	TRUE	FALSE	train	1893-ga-td 1909-es-dotr	0
1	1890	tsa	absal	1890-tsa-absal	FALSE	1908	rwc	tfl	1908-rwc-tfl	TRUE	FALSE	train	1890-tsa-absal 1908-rwc-tfl	0
1	1868	wta	dtr	1868-wta-dtr	TRUE	1891	wta	sbtu	1891-wta-sbtu	TRUE	TRUE	train	1868-wta-dtr 1891-wta-sbtu	1
1	1877	tsa	tsatu	1877-tsa-tsatu	FALSE	1875	tsa	dowithoaf	1875-tsa-dowithoaf	FALSE	TRUE	train	1877-tsa-tsatu 1875-tsa-dowithoaf	1
1	1880	cfw	rtk	1880-cfw-rtk	TRUE	1865	wta	tyl	1865-wta-tyl	TRUE	FALSE	train	1880-cfw-rtk 1865-wta-tyl	0
1	1872	sw	t	1872-sw-t	FALSE	1903	hm	tgc	1903-hm-tgc	FALSE	FALSE	train	1872-sw-t 1903-hm-tgc	0
1	1864	sw	mh-v2	1864-sw-mh-v2	FALSE	1871	sw	thit	1871-sw-thit	FALSE	TRUE	train	1864-sw-mh-v2 1871-sw-thit	1
1	1905	hm	ham-sh	1905-hm-ham-sh	FALSE	1902	wdh	tk	1902-wdh-tk	FALSE	FALSE	train	1905-hm-ham-sh 1902-wdh-tk	0
1	1910	rwc	tgm	1910-rwc-tgm	TRUE	1917	rwc	trs	1917-rwc-trs	TRUE	TRUE	train	1910-rwc-tgm 1917-rwc-trs	1
1	1895	cfw	tfyaois	1895-cfw-tfyaois	TRUE	1912	hm	tpoh	1912-hm-tpoh	FALSE	FALSE	train	1895-cfw-tfyaois 1912-hm-tpoh	0
1	1909	mt	efcsvth	1909-mt-efcsvth	TRUE	1870	mh	al	1870-mh-al	FALSE	FALSE	train	1909-mt-efcsvth 1870-mh-al	0
1	1903	amd	hbkh	1903-amd-hbkh	FALSE	1874	amd	towwlias	1874-amd-towwlias	FALSE	TRUE	train	1903-amd-hbkh 1874-amd-towwlias	1
1	1873	mh	j	1873-mh-j	FALSE	1909	mh	tsoall-a	1909-mh-tsoall-a	FALSE	TRUE	train	1873-mh-j 1909-mh-tsoall-a	1
1	1868	tsa	ats	1868-tsa-ats	FALSE	1851	tsa	wt	1851-tsa-wt	FALSE	TRUE	train	1868-tsa-ats 1851-tsa-wt	1
1	1880	mh	csith-nf	1880-mh-csith-nf	FALSE	1854	mh	a	1854-mh-a	FALSE	TRUE	train	1880-mh-csith-nf 1854-mh-a	1
1	1913	rwc	thc	1913-rwc-thc	TRUE	1900	espw	wtg	1900-espw-wtg	FALSE	FALSE	test	1913-rwc-thc 1900-espw-wtg	0
1	1901	us	km	1901-us-km	FALSE	1875	haj	tyo	1875-haj-tyo	FALSE	FALSE	test	1901-us-km 1875-haj-tyo	0
1	1876	haj	btlb	1876-haj-btlb	FALSE	1904	rwc	isotu	1904-rwc-isotu	TRUE	FALSE	test	1876-haj-btlb 1904-rwc-isotu	0
1	1891	haj	tetb	1891-haj-tetb	FALSE	1919	ew	m	1919-ew-m	TRUE	FALSE	test	1891-haj-tetb 1919-ew-m	0
1	1902	hj	twotd	1902-hj-twotd	FALSE	1896	hj	toh	1896-hj-toh	FALSE	TRUE	test	1902-hj-twotd 1896-hj-toh	1
1	1866	wta	ob	1866-wta-ob	TRUE	1899	haj	ra	1899-haj-ra	FALSE	FALSE	test	1866-wta-ob 1899-haj-ra	0
1	1868	wta	dad	1868-wta-dad	TRUE	1903	hj	ta	1903-hj-ta	FALSE	FALSE	test	1868-wta-dad 1903-hj-ta	0
1	1886	hj	pc	1886-hj-pc	FALSE	1917	hj	tit	1917-hj-tit	FALSE	TRUE	test	1886-hj-pc 1917-hj-tit	1
1	1879	hj	h	1879-hj-h	FALSE	1869	haj	pjb	1869-haj-pjb	FALSE	FALSE	test	1879-hj-h 1869-haj-pjb	0
1	1903	us	ach	1903-us-ach	FALSE	1919	rwc	tsos	1919-rwc-tsos	TRUE	FALSE	test	1903-us-ach 1919-rwc-tsos	0
1	1882	espw	dz	1882-espw-dz	FALSE	1896	espw	cfal	1896-espw-cfal	FALSE	TRUE	test	1882-espw-dz 1896-espw-cfal	1
1	1889	espw	tsfi	1889-espw-tsfi	FALSE	1896	espw	tsasa	1896-espw-tsasa	FALSE	TRUE	test	1889-espw-tsfi 1896-espw-tsasa	1
1	1899	cdw	tf	1899-cdw-tf	TRUE	1910	ew	tomag	1910-ew-tomag	TRUE	FALSE	test	1899-cdw-tf 1910-ew-tomag	0
1	1908	fmc	s	1908-fmc-s	FALSE	1893	fmc	kl-v2	1893-fmc-kl-v2	FALSE	TRUE	test	1908-fmc-s 1893-fmc-kl-v2	1
1	1866	espw	gcj	1866-espw-gcj	FALSE	1890	fmc	acmr	1890-fmc-acmr	FALSE	FALSE	test	1866-espw-gcj 1890-fmc-acmr	0
1	1890	hj	ttm	1890-hj-ttm	FALSE	1902	hj	twotd-v2	1902-hj-twotd-v2	FALSE	TRUE	test	1890-hj-ttm 1902-hj-twotd-v2	1
1	1859	hbs	tmw	1859-hbs-tmw	FALSE	1878	hbs	pp	1878-hbs-pp	FALSE	TRUE	test	1859-hbs-tmw 1878-hbs-pp	1
1	1920	us	1tsoap	1920-us-1tsoap	FALSE	1921	us	tbol	1921-us-tbol	FALSE	TRUE	test	1920-us-1tsoap 1921-us-tbol	1
1	1898	hj	itc	1898-hj-itc	FALSE	1910	ab	cn	1910-ab-cn	FALSE	FALSE	test	1898-hj-itc 1910-ab-cn	0
1	1868	haj	faf	1868-haj-faf	FALSE	1903	us	tjoas	1903-us-tjoas	FALSE	FALSE	test	1868-haj-faf 1903-us-tjoas	0
1	1885	hj	gr	1885-hj-gr	FALSE	1883	hj	rh-v2	1883-hj-rh-v2	FALSE	TRUE	test	1885-hj-gr 1883-hj-rh-v2	1
1	1897	fmc	aroy	1897-fmc-aroy	FALSE	1887	fmc	s	1887-fmc-s	FALSE	TRUE	test	1897-fmc-aroy 1887-fmc-s	1
1	1911	rwc	tcl	1911-rwc-tcl	TRUE	1866	espw	gb	1866-espw-gb	FALSE	FALSE	test	1911-rwc-tcl 1866-espw-gb	0
1	1907	ab	rm	1907-ab-rm	FALSE	1911	rwc	tgr	1911-rwc-tgr	TRUE	FALSE	test	1907-ab-rm 1911-rwc-tgr	0
1	1889	cfw	jl	1889-cfw-jl	TRUE	1886	hj	tb	1886-hj-tb	FALSE	FALSE	test	1889-cfw-jl 1886-hj-tb	0
1	1873	mt	tga-c	1873-mt-tga-c	TRUE	1887	espw	tgb	1887-espw-tgb	FALSE	FALSE	test	1873-mt-tga-c 1887-espw-tgb	0
1	1889	fmc	g	1889-fmc-g	FALSE	1885	fmc	atoalp	1885-fmc-atoalp	FALSE	TRUE	test	1889-fmc-g 1885-fmc-atoalp	1
1	1873	hbs	pl	1873-hbs-pl	FALSE	1922	ab	oc	1922-ab-oc	FALSE	FALSE	test	1873-hbs-pl 1922-ab-oc	0
1	1913	us	dg	1913-us-dg	FALSE	1922	us	tcmc	1922-us-tcmc	FALSE	TRUE	test	1913-us-dg 1922-us-tcmc	1
1	1874	haj	rftr	1874-haj-rftr	FALSE	1905	fmc	wso	1905-fmc-wso	FALSE	FALSE	test	1874-haj-rftr 1905-fmc-wso	0
1	1895	espw	tsojc	1895-espw-tsojc	FALSE	1883	cfw	ftm	1883-cfw-ftm	TRUE	FALSE	test	1895-espw-tsojc 1883-cfw-ftm	0
1	1894	espw	asl	1894-espw-asl	FALSE	1887	espw	jtf	1887-espw-jtf	FALSE	TRUE	test	1894-espw-asl 1887-espw-jtf	1
1	1899	haj	mmv	1899-haj-mmv	FALSE	1869	haj	mtmb	1869-haj-mtmb	FALSE	TRUE	test	1899-haj-mmv 1869-haj-mtmb	1
1	1883	hj	rh	1883-hj-rh	FALSE	1862	hbs	tpooi	1862-hbs-tpooi	FALSE	FALSE	test	1883-hj-rh 1862-hbs-tpooi	0
1	1888	fmc	si	1888-fmc-si	FALSE	1903	fmc	thor	1903-fmc-thor	FALSE	TRUE	test	1888-fmc-si 1903-fmc-thor	1
1	1917	ab	bn	1917-ab-bn	FALSE	1914	us	sm	1914-us-sm	FALSE	FALSE	test	1917-ab-bn 1914-us-sm	0
1	1881	cdw	wi-2	1881-cdw-wi-2	TRUE	1880	mt	ata	1880-mt-ata	TRUE	FALSE	test	1881-cdw-wi-2 1880-mt-ata	0
1	1898	hj	ttm	1898-hj-ttm	FALSE	1909	hj	ih	1909-hj-ih	FALSE	TRUE	test	1898-hj-ttm 1909-hj-ih	1
1	1866	haj	ccc-ia	1866-haj-ccc-ia	FALSE	1882	haj	bn	1882-haj-bn	FALSE	TRUE	test	1866-haj-ccc-ia 1882-haj-bn	1
1	1906	fmc	a	1906-fmc-a	FALSE	1898	us	apom	1898-us-apom	FALSE	FALSE	test	1906-fmc-a 1898-us-apom	0
1	1887	fmc	pp	1887-fmc-pp	FALSE	1921	ab	lig	1921-ab-lig	FALSE	FALSE	test	1887-fmc-pp 1921-ab-lig	0
1	1899	haj	aoatb	1899-haj-aoatb	FALSE	1864	lma	opdaot	1864-lma-opdaot	TRUE	FALSE	test	1899-haj-aoatb 1864-lma-opdaot	0
1	1884	mt	taohf.POS	1884-mt-taohf.POS	TRUE	1906	rwc	ttolp	1906-rwc-ttolp	TRUE	FALSE	test	1884-mt-taohf.POS 1906-rwc-ttolp	0
1	1901	fmc	m	1901-fmc-m	FALSE	1883	fmc	ars	1883-fmc-ars	FALSE	TRUE	test	1901-fmc-m 1883-fmc-ars	1
1	1917	hj	tsotp	1917-hj-tsotp	FALSE	1882	haj	ffbts	1882-haj-ffbts	FALSE	FALSE	test	1917-hj-tsotp 1882-haj-ffbts	0
1	1872	haj	ptf	1872-haj-ptf	FALSE	1879	haj	ttb	1879-haj-ttb	FALSE	TRUE	test	1872-haj-ptf 1879-haj-ttb	1
1	1893	fmc	kl	1893-fmc-kl	FALSE	1892	fmc	pg	1892-fmc-pg	FALSE	TRUE	test	1893-fmc-kl 1892-fmc-pg	1
1	1895	wta	alae	1895-wta-alae	TRUE	1872	wta	lb	1872-wta-lb	TRUE	TRUE	test	1895-wta-alae 1872-wta-lb	1
1	1871	hbs	ofs	1871-hbs-ofs	FALSE	1889	cdw	sths	1889-cdw-sths	TRUE	FALSE	test	1871-hbs-ofs 1889-cdw-sths	0
1	1906	es	ha	1906-es-ha	TRUE	1865	wta	waw	1865-wta-waw	TRUE	FALSE	test	1906-es-ha 1865-wta-waw	0
1	1867	lma	tagomtt	1867-lma-tagomtt	TRUE	1888	hj	tap	1888-hj-tap	FALSE	FALSE	test	1867-lma-tagomtt 1888-hj-tap	0
1	1893	fmc	md	1893-fmc-md	FALSE	1883	fmc	dc	1883-fmc-dc	FALSE	TRUE	test	1893-fmc-md 1883-fmc-dc	1
1	1863	wta	isao	1863-wta-isao	TRUE	1870	wta	faf	1870-wta-faf	TRUE	TRUE	test	1863-wta-isao 1870-wta-faf	1
1	1881	mt	tpatp	1881-mt-tpatp	TRUE	1909	mt	isd	1909-mt-isd	TRUE	TRUE	test	1881-mt-tpatp 1909-mt-isd	1
1	1908	fmc	tws	1908-fmc-tws	FALSE	1895	fmc	ajs	1895-fmc-ajs	FALSE	TRUE	test	1908-fmc-tws 1895-fmc-ajs	1
1	1885	es	tpod	1885-es-tpod	TRUE	1891	es	mm	1891-es-mm	TRUE	TRUE	test	1885-es-tpod 1891-es-mm	1
1	1907	espw	tldup	1907-espw-tldup	FALSE	1904	espw	t	1904-espw-t	FALSE	TRUE	test	1907-espw-tldup 1904-espw-t	1
1	1866	espw	gsar	1866-espw-gsar	FALSE	1896	ab	boat	1896-ab-boat	FALSE	FALSE	test	1866-espw-gsar 1896-ab-boat	0
1	1883	haj	tbb	1883-haj-tbb	FALSE	1869	wta	dtr	1869-wta-dtr	TRUE	FALSE	test	1883-haj-tbb 1869-wta-dtr	0
1	1895	fmc	t	1895-fmc-t	FALSE	1898	fmc	ari	1898-fmc-ari	FALSE	TRUE	test	1895-fmc-t 1898-fmc-ari	1
1	1894	wta	its	1894-wta-its	TRUE	1917	us	kc	1917-us-kc	FALSE	FALSE	test	1894-wta-its 1917-us-kc	0
1	1894	mt	tsa	1894-mt-tsa	TRUE	1877	lma	amm	1877-lma-amm	TRUE	FALSE	test	1894-mt-tsa 1877-lma-amm	0
1	1912	rwc	tsoa	1912-rwc-tsoa	TRUE	1900	haj	adoh	1900-haj-adoh	FALSE	FALSE	test	1912-rwc-tsoa 1900-haj-adoh	0
1	1889	mt	acyikac	1889-mt-acyikac	TRUE	1874	mt	lotm	1874-mt-lotm	TRUE	TRUE	test	1889-mt-acyikac 1874-mt-lotm	1
1	1902	fmc	c	1902-fmc-c	FALSE	1889	lma	ll-v3	1889-lma-ll-v3	TRUE	FALSE	test	1902-fmc-c 1889-lma-ll-v3	0
1	1871	espw	tsp	1871-espw-tsp	FALSE	1869	espw	mwag	1869-espw-mwag	FALSE	TRUE	test	1871-espw-tsp 1869-espw-mwag	1
1	1897	haj	fof	1897-haj-fof	FALSE	1879	haj	tym	1879-haj-tym	FALSE	TRUE	test	1897-haj-fof 1879-haj-tym	1
1	1868	espw	tga	1868-espw-tga	FALSE	1885	fmc	zamc	1885-fmc-zamc	FALSE	FALSE	test	1868-espw-tga 1885-fmc-zamc	0
1	1906	fmc	alor	1906-fmc-alor	FALSE	1889	wta	wtel	1889-wta-wtel	TRUE	FALSE	test	1906-fmc-alor 1889-wta-wtel	0
1	1884	wta	Sac	1884-wta-Sac	TRUE	1883	wta	sh	1883-wta-sh	TRUE	TRUE	test	1884-wta-Sac 1883-wta-sh	1
1	1857	wta	ta	1857-wta-ta	TRUE	1885	hj	altof	1885-hj-altof	FALSE	FALSE	test	1857-wta-ta 1885-hj-altof	0
1	1895	haj	tdw	1895-haj-tdw	FALSE	1900	haj	ainy	1900-haj-ainy	FALSE	TRUE	test	1895-haj-tdw 1900-haj-ainy	1
1	1881	haj	fcbtp	1881-haj-fcbtp	FALSE	1888	haj	bb	1888-haj-bb	FALSE	TRUE	test	1881-haj-fcbtp 1888-haj-bb	1
1	1895	wta	ai	1895-wta-ai	TRUE	1868	wta	mob	1868-wta-mob	TRUE	TRUE	test	1895-wta-ai 1868-wta-mob	1
1	1875	cfw	cn	1875-cfw-cn	TRUE	1893	wta	avu	1893-wta-avu	TRUE	FALSE	test	1875-cfw-cn 1893-wta-avu	0
1	1879	hj	dm	1879-hj-dm	FALSE	1899	hj	taa	1899-hj-taa	FALSE	TRUE	test	1879-hj-dm 1899-hj-taa	1
1	1916	ew	k-sh	1916-ew-k-sh	TRUE	1877	hj	ta	1877-hj-ta	FALSE	FALSE	test	1916-ew-k-sh 1877-hj-ta	0
1	1853	hbs	aktutc	1853-hbs-aktutc	FALSE	1902	rwc	tmop	1902-rwc-tmop	TRUE	FALSE	test	1853-hbs-aktutc 1902-rwc-tmop	0
1	1903	ew	ivatg	1903-ew-ivatg	TRUE	1897	ew	tdof	1897-ew-tdof	TRUE	TRUE	test	1903-ew-ivatg 1897-ew-tdof	1
1	1898	haj	tyb	1898-haj-tyb	FALSE	1871	haj	tt	1871-haj-tt	FALSE	TRUE	test	1898-haj-tyb 1871-haj-tt	1
1	1922	rwc	tfj	1922-rwc-tfj	TRUE	1907	rwc	tys	1907-rwc-tys	TRUE	TRUE	test	1922-rwc-tfj 1907-rwc-tys	1
1	1888	es	ttatv	1888-es-ttatv	TRUE	1910	ab	jwf	1910-ab-jwf	FALSE	FALSE	test	1888-es-ttatv 1910-ab-jwf	0
1	1910	us	sts	1910-us-sts	FALSE	1911	us	alp	1911-us-alp	FALSE	TRUE	test	1910-us-sts 1911-us-alp	1
1	1874	wta	tcw	1874-wta-tcw	TRUE	1884	lma	sws	1884-lma-sws	TRUE	FALSE	test	1874-wta-tcw 1884-lma-sws	0
1	1894	fmc	wg	1894-fmc-wg	FALSE	1908	fmc	tp	1908-fmc-tp	FALSE	TRUE	test	1894-fmc-wg 1908-fmc-tp	1
1	1867	espw	gyatgc	1867-espw-gyatgc	FALSE	1883	espw	btg	1883-espw-btg	FALSE	TRUE	test	1867-espw-gyatgc 1883-espw-btg	1
1	1891	fmc	do	1891-fmc-do	FALSE	1884	fmc	aap	1884-fmc-aap	FALSE	TRUE	test	1891-fmc-do 1884-fmc-aap	1
1	1854	hbs	smofl-v2	1854-hbs-smofl-v2	FALSE	1881	hj	tpoal	1881-hj-tpoal	FALSE	FALSE	test	1854-hbs-smofl-v2 1881-hj-tpoal	0
1	1891	fmc	k	1891-fmc-k	FALSE	1898	fmc	ari-v2	1898-fmc-ari-v2	FALSE	TRUE	test	1891-fmc-k 1898-fmc-ari-v2	1
1	1893	espw	dm	1893-espw-dm	FALSE	1907	es	tlotg	1907-es-tlotg	TRUE	FALSE	test	1893-espw-dm 1907-es-tlotg	0
1	1852	hbs	utc	1852-hbs-utc	FALSE	1854	hbs	smofl	1854-hbs-smofl	FALSE	TRUE	test	1852-hbs-utc 1854-hbs-smofl	1
1	1900	fmc	itpotk	1900-fmc-itpotk	FALSE	1896	fmc	c	1896-fmc-c	FALSE	TRUE	test	1900-fmc-itpotk 1896-fmc-c	1
1	1886	hbs	tsw	1886-hbs-tsw	FALSE	1855	hbs	tmf	1855-hbs-tmf	FALSE	TRUE	test	1886-hbs-tsw 1855-hbs-tmf	1
1	1907	fmc	tdr	1907-fmc-tdr	FALSE	1871	hbs	pawt	1871-hbs-pawt	FALSE	FALSE	test	1907-fmc-tdr 1871-hbs-pawt	0
1	1866	wta	bos	1866-wta-bos	TRUE	1896	mt	projoa	1896-mt-projoa	TRUE	FALSE	test	1866-wta-bos 1896-mt-projoa	0
1	1880	hj	ws	1880-hj-ws	FALSE	1888	hj	tr	1888-hj-tr	FALSE	TRUE	test	1880-hj-ws 1888-hj-tr	1
1	1871	hbs	mwai	1871-hbs-mwai	FALSE	1872	lma	ss	1872-lma-ss	TRUE	FALSE	test	1871-hbs-mwai 1872-lma-ss	0
1	1884	ab	sbts	1884-ab-sbts	FALSE	1878	hj	aie	1878-hj-aie	FALSE	FALSE	test	1884-ab-sbts 1878-hj-aie	0
1	1905	haj	fftf	1905-haj-fftf	FALSE	1906	haj	rotr-ph	1906-haj-rotr-ph	FALSE	TRUE	test	1905-haj-fftf 1906-haj-rotr-ph	1
1	1913	rwc	qa	1913-rwc-qa	TRUE	1915	rwc	b	1915-rwc-b	TRUE	TRUE	test	1913-rwc-qa 1915-rwc-b	1
